accuracy,sensitivity,specificity,balanced_accuracy,f1
0.8602941,0.54545456,0.9611651,0.75330985,0.654545484745141
