accuracy,sensitivity,specificity,balanced_accuracy,f1
0.8455882,0.57575756,0.93203884,0.7538982,0.6440677919707779
