accuracy,sensitivity,specificity,balanced_accuracy,f1
0.8382353,0.54545456,0.93203884,0.7387467,0.620689682783563
