accuracy,sensitivity,specificity,balanced_accuracy,f1
0.85164833,0.5714286,0.9357143,0.75357145,0.6400000514030462
