accuracy,sensitivity,specificity,balanced_accuracy,f1
0.85294116,0.57575756,0.94174755,0.7587526,0.6551724091769978
