accuracy,sensitivity,specificity,balanced_accuracy,f1
0.8406593,0.54761904,0.9285714,0.7380952,0.6133333243936732
