model,time_taken
Hist. Gradient Boosting,19.52359072446823
Gradient Boosting,1.5909975266456604
Random Forest,0.6143455600738525
Neural Net - MLP,5.07116528749466
Logistic Regression,0.5479562568664551
