accuracy,sensitivity,specificity,balanced_accuracy,f1
0.83516484,0.54761904,0.92142856,0.7345238,0.6052631527691537
