accuracy,sensitivity,specificity,balanced_accuracy,f1
0.82417583,0.52380955,0.9142857,0.71904767,0.578947411289564
