accuracy,sensitivity,specificity,balanced_accuracy,f1
0.82417583,0.5555556,0.9375,0.7465278,0.6521738957029224
