accuracy,sensitivity,specificity,balanced_accuracy,f1
0.83516484,0.5555556,0.953125,0.7543403,0.6666667238871279
